{"cameraMode":{"drawMode":0,"name":"Shaded","section":"Shading Mode"},"sceneLighting":false,"audioPlay":false,"sceneViewState":{"m_AlwaysRefresh":false,"showFog":true,"showSkybox":false,"showFlares":true,"showImageEffects":true,"showParticleSystems":true,"showVisualEffectGraphs":true,"m_FxEnabled":true},"in2DMode":false,"pivot":{"x":0.4869053363800049,"y":0.36093735694885256,"z":-1.3936848640441895},"rotation":{"x":-0.33389711380004885,"y":-0.2243119478225708,"z":0.0821203738451004,"w":-0.9118773937225342},"size":3.0170700550079347,"orthographic":false}