{"cameraMode":{"drawMode":0,"name":"Shaded","section":"Shading Mode"},"sceneLighting":true,"audioPlay":false,"sceneViewState":{"m_AlwaysRefresh":false,"showFog":true,"showSkybox":true,"showFlares":true,"showImageEffects":true,"showParticleSystems":true,"showVisualEffectGraphs":true,"m_FxEnabled":true},"in2DMode":false,"pivot":{"x":173.74118041992188,"y":5.6129984855651859,"z":295.0451354980469},"rotation":{"x":-0.03928083926439285,"y":0.9601711630821228,"z":-0.18539567291736604,"w":-0.20532791316509248},"size":19.68020248413086,"orthographic":false}