{"cameraMode":{"drawMode":0,"name":"Shaded","section":"Shading Mode"},"sceneLighting":false,"audioPlay":false,"sceneViewState":{"m_AlwaysRefresh":false,"showFog":true,"showSkybox":false,"showFlares":true,"showImageEffects":true,"showParticleSystems":true,"showVisualEffectGraphs":true,"m_FxEnabled":true},"in2DMode":false,"pivot":{"x":-7.442033767700195,"y":-2.724910020828247,"z":-10.146916389465332},"rotation":{"x":-0.01419039350003004,"y":0.9587622284889221,"z":-0.27965524792671206,"w":-0.048650000244379047},"size":0.8660253882408142,"orthographic":false}