{"cameraMode":{"drawMode":0,"name":"Shaded","section":"Shading Mode"},"sceneLighting":false,"audioPlay":false,"sceneViewState":{"m_AlwaysRefresh":false,"showFog":true,"showSkybox":false,"showFlares":true,"showImageEffects":true,"showParticleSystems":true,"showVisualEffectGraphs":true,"m_FxEnabled":true},"in2DMode":false,"pivot":{"x":-2.6905431747436525,"y":0.37067607045173647,"z":-11.195516586303711},"rotation":{"x":0.21683251857757569,"y":-0.060869213193655017,"z":0.013544558547437191,"w":0.9742242097854614},"size":5.041987895965576,"orthographic":false}