{"cameraMode":{"drawMode":0,"name":"Shaded","section":"Shading Mode"},"sceneLighting":false,"audioPlay":false,"sceneViewState":{"m_AlwaysRefresh":false,"showFog":true,"showSkybox":false,"showFlares":true,"showImageEffects":true,"showParticleSystems":true,"showVisualEffectGraphs":true,"m_FxEnabled":true},"in2DMode":false,"pivot":{"x":-0.045430660247802737,"y":0.2055121809244156,"z":0.1283552646636963},"rotation":{"x":0.0779104083776474,"y":-0.016449112445116044,"z":0.0012856344692409039,"w":0.9968245625495911},"size":1.7569031715393067,"orthographic":false}